ECON 2000	Introduction to Economics: Microeconomics
ECON 2110	Introduction to Economics: Macroeconomics
GC 1020	Intro to Digital Graphics
GC 1040	Screen Printing & Flexography
GC 1050	Applications of Digital Graphics
GC 2400	Web Development
GC 3720	Digital Content & CMS
GC 3760	Capstone | Brand Communications
GC 4070	Advanced Flexography
GC 4440	Current Developments and Trends in Graphic Communication
GC 4480	Plan & Cont Printing Functions
PCID 3040	Business and Professional Communication
PCID 3140	Information Design
STAT 3090	Biostatistics
STAT 3300	Statistical Methods for Research
GC 3620	Brand Design & Creative Direction
GC 3710	Brand Creation & Communication
GC 4060	Package & Specialty Printing
MKT 3310	Marketing Metrics & Analytics
